folio,fecha,producto_id,cantidad,precio_unitario,canal
DP-260616-5176,2026-06-16,12,1,76.20,WhatsApp
DP-260616-6269,2026-06-16,7,1,70.70,WhatsApp
DP-260616-2936,2026-06-16,3,3,80.80,WhatsApp
DP-260616-2936,2026-06-16,1,2,86.00,WhatsApp
DP-260616-2936,2026-06-16,6,3,86.00,WhatsApp
DP-260616-2879,2026-06-16,2,3,86.00,WhatsApp
DP-260616-2879,2026-06-16,8,3,70.70,WhatsApp
DP-260616-2879,2026-06-16,1,2,86.00,WhatsApp
DP-260617-8269,2026-06-17,1,3,86.00,WhatsApp
DP-260617-8269,2026-06-17,7,1,70.70,WhatsApp
DP-260617-8269,2026-06-17,2,1,86.00,WhatsApp
DP-260617-1508,2026-06-17,6,2,86.00,Tienda
DP-260617-5204,2026-06-17,4,1,80.80,Tienda
DP-260617-5204,2026-06-17,2,3,86.00,Tienda
DP-260617-9482,2026-06-17,3,3,80.80,WhatsApp
DP-260617-9106,2026-06-17,6,2,86.00,WhatsApp
DP-260617-9106,2026-06-17,7,1,70.70,WhatsApp
DP-260617-9106,2026-06-17,13,1,76.20,WhatsApp
DP-260617-5986,2026-06-17,4,1,80.80,WhatsApp
DP-260617-5986,2026-06-17,2,3,86.00,WhatsApp
DP-260617-5986,2026-06-17,8,1,70.70,WhatsApp
DP-260618-7819,2026-06-18,8,2,70.70,Tienda
DP-260618-1695,2026-06-18,4,1,80.80,WhatsApp
DP-260618-1695,2026-06-18,13,2,76.20,WhatsApp
DP-260618-1695,2026-06-18,8,3,70.70,WhatsApp
DP-260618-1695,2026-06-18,11,1,76.20,WhatsApp
DP-260618-2255,2026-06-18,7,1,70.70,WhatsApp
DP-260618-1383,2026-06-18,3,1,80.80,WhatsApp
DP-260618-1383,2026-06-18,5,2,72.30,WhatsApp
DP-260618-1383,2026-06-18,10,1,76.20,WhatsApp
DP-260618-1383,2026-06-18,6,3,86.00,WhatsApp
DP-260618-9910,2026-06-18,4,2,80.80,Tienda
DP-260618-9910,2026-06-18,2,3,86.00,Tienda
DP-260619-3698,2026-06-19,11,2,76.20,Tienda
DP-260619-3698,2026-06-19,3,3,80.80,Tienda
DP-260619-3698,2026-06-19,13,3,76.20,Tienda
DP-260619-4351,2026-06-19,8,2,70.70,WhatsApp
DP-260619-4351,2026-06-19,12,1,76.20,WhatsApp
DP-260619-4351,2026-06-19,11,1,76.20,WhatsApp
DP-260620-3080,2026-06-20,12,1,76.20,WhatsApp
DP-260620-3080,2026-06-20,1,1,86.00,WhatsApp
DP-260620-3080,2026-06-20,2,2,86.00,WhatsApp
DP-260620-7007,2026-06-20,11,3,76.20,WhatsApp
DP-260620-7007,2026-06-20,4,3,80.80,WhatsApp
DP-260620-5472,2026-06-20,8,2,70.70,Tienda
DP-260620-5472,2026-06-20,6,2,86.00,Tienda
DP-260620-5472,2026-06-20,4,1,80.80,Tienda
DP-260620-1247,2026-06-20,13,1,76.20,Tienda
DP-260620-6113,2026-06-20,5,1,72.30,WhatsApp
DP-260620-6113,2026-06-20,8,3,70.70,WhatsApp
DP-260620-6113,2026-06-20,10,3,76.20,WhatsApp
DP-260620-2043,2026-06-20,1,2,86.00,WhatsApp
DP-260620-2043,2026-06-20,3,3,80.80,WhatsApp
DP-260620-2043,2026-06-20,12,3,76.20,WhatsApp
DP-260620-2574,2026-06-20,10,3,76.20,Tienda
DP-260620-2574,2026-06-20,13,3,76.20,Tienda
DP-260620-4459,2026-06-20,1,1,86.00,Tienda
DP-260621-9854,2026-06-21,8,3,70.70,WhatsApp
DP-260621-9854,2026-06-21,7,1,70.70,WhatsApp
DP-260621-9854,2026-06-21,13,1,76.20,WhatsApp
DP-260621-9854,2026-06-21,5,2,72.30,WhatsApp
DP-260621-8280,2026-06-21,12,3,76.20,Tienda
DP-260621-8280,2026-06-21,2,2,86.00,Tienda
DP-260621-8280,2026-06-21,4,2,80.80,Tienda
DP-260621-8280,2026-06-21,3,3,80.80,Tienda
DP-260621-2758,2026-06-21,7,3,70.70,WhatsApp
DP-260621-7777,2026-06-21,13,3,76.20,Tienda
DP-260621-4229,2026-06-21,6,3,86.00,Tienda
DP-260621-4229,2026-06-21,8,1,70.70,Tienda
DP-260621-9624,2026-06-21,10,1,76.20,WhatsApp
DP-260621-9624,2026-06-21,1,2,86.00,WhatsApp
DP-260621-9624,2026-06-21,4,3,80.80,WhatsApp
DP-260621-6930,2026-06-21,8,1,70.70,Tienda
DP-260621-6930,2026-06-21,7,2,70.70,Tienda
DP-260621-6930,2026-06-21,5,1,72.30,Tienda
DP-260621-4811,2026-06-21,9,3,80.80,Tienda
DP-260621-4811,2026-06-21,8,2,70.70,Tienda
DP-260621-4811,2026-06-21,1,1,86.00,Tienda
DP-260622-5227,2026-06-22,10,1,76.20,Tienda
DP-260622-9436,2026-06-22,3,1,80.80,WhatsApp
DP-260622-9436,2026-06-22,9,3,80.80,WhatsApp
DP-260622-3725,2026-06-22,10,3,76.20,Tienda
DP-260622-3725,2026-06-22,1,1,86.00,Tienda
DP-260622-3725,2026-06-22,5,2,72.30,Tienda
DP-260622-2727,2026-06-22,2,1,86.00,WhatsApp
DP-260622-6354,2026-06-22,11,1,76.20,Tienda
DP-260622-6354,2026-06-22,6,1,86.00,Tienda
DP-260622-6354,2026-06-22,9,2,80.80,Tienda
DP-260623-8196,2026-06-23,1,1,86.00,WhatsApp
DP-260623-8196,2026-06-23,6,1,86.00,WhatsApp
DP-260623-8196,2026-06-23,11,3,76.20,WhatsApp
DP-260623-9198,2026-06-23,3,2,80.80,Tienda
DP-260623-9198,2026-06-23,6,3,86.00,Tienda
DP-260623-3914,2026-06-23,10,1,76.20,Tienda
DP-260623-3914,2026-06-23,8,2,70.70,Tienda
DP-260623-7626,2026-06-23,3,1,80.80,Tienda
DP-260623-7626,2026-06-23,10,1,76.20,Tienda
DP-260624-1923,2026-06-24,2,3,86.00,WhatsApp
DP-260624-1923,2026-06-24,1,3,86.00,WhatsApp
DP-260624-3510,2026-06-24,6,2,86.00,Tienda
DP-260624-4099,2026-06-24,12,2,76.20,WhatsApp
DP-260624-8799,2026-06-24,1,2,86.00,WhatsApp
DP-260624-8799,2026-06-24,11,1,76.20,WhatsApp
DP-260624-8799,2026-06-24,8,2,70.70,WhatsApp
DP-260624-2725,2026-06-24,12,1,76.20,WhatsApp
DP-260624-2725,2026-06-24,9,1,80.80,WhatsApp
DP-260624-7996,2026-06-24,4,3,80.80,WhatsApp
DP-260624-7996,2026-06-24,2,1,86.00,WhatsApp
DP-260624-7996,2026-06-24,12,1,76.20,WhatsApp
DP-260624-8740,2026-06-24,1,1,86.00,WhatsApp
DP-260624-8740,2026-06-24,4,1,80.80,WhatsApp
DP-260624-8740,2026-06-24,8,1,70.70,WhatsApp
DP-260624-8740,2026-06-24,13,1,76.20,WhatsApp
DP-260625-2137,2026-06-25,1,2,86.00,Tienda
DP-260625-1171,2026-06-25,12,3,76.20,WhatsApp
DP-260625-4672,2026-06-25,12,3,76.20,WhatsApp
DP-260625-4672,2026-06-25,5,2,72.30,WhatsApp
DP-260625-4672,2026-06-25,4,2,80.80,WhatsApp
DP-260626-7476,2026-06-26,1,1,86.00,WhatsApp
DP-260626-7476,2026-06-26,11,3,76.20,WhatsApp
DP-260626-7476,2026-06-26,12,3,$76.20,WhatsApp
DP-260626-7476,2026-06-26,10,1,76.20,WhatsApp
DP-260626-7885,2026-06-26,5,3,72.30,Tienda
DP-260626-7885,2026-06-26,11,3,76.20,Tienda
DP-260626-7885,2026-06-26,7,3,70.70,Tienda
DP-260626-9336,2026-06-26,10,3,76.20,Tienda
DP-260626-9336,2026-06-26,8,3,70.70,Tienda
DP-260626-9336,2026-06-26,3,3,80.80,Tienda
DP-260626-4823,2026-06-26,13,3,76.20,WhatsApp
DP-260626-4823,2026-06-26,2,2,86.00,WhatsApp
DP-260626-4823,2026-06-26,4,2,80.80,WhatsApp
DP-260626-4790,2026-06-26,4,2,80.80,WhatsApp
DP-260626-4790,2026-06-26,2,3,86.00,WhatsApp
DP-260626-4790,2026-06-26,12,3,76.20,WhatsApp
DP-260626-4790,2026-06-26,7,2,70.70,WhatsApp
DP-260626-9195,2026-06-26,7,3,70.70,WhatsApp
DP-260626-9195,2026-06-26,6,1,86.00,WhatsApp
DP-260626-9195,2026-06-26,5,1,72.30,WhatsApp
DP-260626-9195,2026-06-26,4,3,80.80,WhatsApp
DP-260626-3462,2026-06-26,8,3,70.70,Tienda
DP-260626-3462,2026-06-26,10,2,76.20,Tienda
DP-260627-1894,2026-06-27,3,1,80.80,WhatsApp
DP-260627-6277,2026-06-27,12,1,76.20,WhatsApp
DP-260627-6277,2026-06-27,11,2,76.20,WhatsApp
DP-260627-6277,2026-06-27,2,3,86.00,WhatsApp
DP-260627-6277,2026-06-27,3,2,80.80,WhatsApp
DP-260627-5054,2026-06-27,5,1,72.30,WhatsApp
DP-260627-5054,2026-06-27,8,2,70.70,WhatsApp
DP-260627-5054,2026-06-27,1,3,86.00,WhatsApp
DP-260627-9876,2026-06-27,4,1,80.80,WhatsApp
DP-260627-6817,2026-06-27,1,2,86.00,WhatsApp
DP-260627-6817,2026-06-27,4,3,80.80,WhatsApp
DP-260628-3715,2026-06-28,3,1,80.80,WhatsApp
DP-260628-3715,2026-06-28,11,1,76.20,WhatsApp
DP-260628-3715,2026-06-28,5,1,72.30,WhatsApp
DP-260628-3715,2026-06-28,7,2,70.70,WhatsApp
DP-260628-3575,2026-06-28,12,2,76.20,WhatsApp
DP-260628-3575,2026-06-28,10,2,76.20,WhatsApp
DP-260628-4464,2026-06-28,8,3,70.70,WhatsApp
DP-260628-4464,2026-06-28,11,2,76.20,WhatsApp
DP-260628-4464,2026-06-28,7,3,70.70,WhatsApp
DP-260628-3505,2026-06-28,8,2,70.70,WhatsApp
DP-260628-3505,2026-06-28,11,2,76.20,WhatsApp
DP-260628-3505,2026-06-28,6,3,86.00,WhatsApp
DP-260628-2328,2026-06-28,6,2,86.00,Tienda
DP-260628-3959,2026-06-28,4,3,80.80,Tienda
DP-260628-3959,2026-06-28,6,2,86.00,Tienda
DP-260628-1941,2026-06-28,13,2,76.20,WhatsApp
DP-260628-1941,2026-06-28,8,3,70.70,WhatsApp
DP-260628-1941,2026-06-28,12,2,76.20,WhatsApp
DP-260628-5238,2026-06-28,5,3,72.30,Tienda
DP-260629-9195,2026-06-29,4,3,80.80,WhatsApp
DP-260629-9195,2026-06-29,10,3,76.20,WhatsApp
DP-260629-5470,2026-06-29,8,1,70.70,WhatsApp
DP-260629-8392,2026-06-29,4,1,80.80,WhatsApp
DP-260629-3166,2026-06-29,3,2,80.80,WhatsApp
DP-260629-3166,2026-06-29,7,3,70.70,WhatsApp
DP-260629-3166,2026-06-29,1,1,86.00,WhatsApp
DP-260630-9685,2026-06-30,1,2,86.00,WhatsApp
DP-260630-9685,2026-06-30,8,3,70.70,WhatsApp
DP-260630-4828,2026-06-30,4,1,80.80,Tienda
DP-260630-9343,2026-06-30,6,2,86.00,WhatsApp
DP-260630-9343,2026-06-30,8,3,70.70,WhatsApp
DP-260630-9343,2026-06-30,4,2,80.80,WhatsApp
DP-260630-9343,2026-06-30,7,1,70.70,WhatsApp
DP-260630-1410,2026-06-30,12,1,76.20,WhatsApp
DP-260630-1410,2026-06-30,4,2,80.80,WhatsApp
DP-260630-1410,2026-06-30,8,3,70.70,WhatsApp
DP-260630-1504,2026-06-30,13,1,76.20,WhatsApp
DP-260630-3345,2026-06-30,8,2,70.70,WhatsApp
DP-260630-5632,2026-06-30,6,3,86.00,WhatsApp
DP-260630-5632,2026-06-30,8,2,70.70,WhatsApp
DP-260630-5632,2026-06-30,4,1,80.80,WhatsApp
DP-260630-5632,2026-06-30,11,3,76.20,WhatsApp
DP-260630-3309,2026-06-30,12,3,76.20,WhatsApp
DP-260630-3309,2026-06-30,6,1,86.00,WhatsApp
DP-260630-3309,2026-06-30,1,1,86.00,WhatsApp
DP-260701-7481,2026-07-01,6,3,86.00,Tienda
DP-260701-4882,2026-07-01,4,1,80.80,WhatsApp
DP-260701-4882,2026-07-01,7,2,70.70,WhatsApp
DP-260702-6157,2026-07-02,1,2,86.00,WhatsApp
DP-260702-6157,2026-07-02,13,3,76.20,WhatsApp
DP-260702-2932,2026-07-02,8,1,70.70,WhatsApp
DP-260702-2932,2026-07-02,4,2,80.80,WhatsApp
DP-260703-3303,2026-07-03,9,3,80.80,WhatsApp
DP-260703-3303,2026-07-03,3,3,80.80,WhatsApp
DP-260703-3022,2026-07-03,12,1,76.20,WhatsApp
DP-260703-9873,2026-07-03,6,2,86.00,WhatsApp
DP-260703-9873,2026-07-03,1,1,86.00,WhatsApp
DP-260703-6047,2026-07-03,3,2,80.80,WhatsApp
DP-260703-6047,2026-07-03,2,1,86.00,WhatsApp
DP-260703-1097,2026-07-03,7,1,70.70,WhatsApp
DP-260703-7049,2026-07-03,7,2,70.70,Tienda
DP-260703-7049,2026-07-03,10,3,76.20,Tienda
DP-260703-7049,2026-07-03,1,3,86.00,Tienda
DP-260703-7049,2026-07-03,8,3,70.70,Tienda
DP-260703-6221,2026-07-03,12,1,76.20,Tienda
DP-260703-6221,2026-07-03,9,1,80.80,Tienda
DP-260703-6221,2026-07-03,4,2,80.80,Tienda
DP-260703-6221,2026-07-03,2,2,86.00,Tienda
DP-260704-1772,2026-07-04,7,1,70.70,Tienda
DP-260704-1772,2026-07-04,11,1,76.20,Tienda
DP-260704-7341,2026-07-04,7,1,70.70,Tienda
DP-260704-7341,2026-07-04,11,3,76.20,Tienda
DP-260704-7341,2026-07-04,13,1,76.20,Tienda
DP-260704-3269,2026-07-04,3,3,80.80,WhatsApp
DP-260704-3269,2026-07-04,2,3,86.00,WhatsApp
DP-260704-3269,2026-07-04,13,1,76.20,WhatsApp
DP-260704-8342,2026-07-04,2,2,86.00,Tienda
DP-260704-8342,2026-07-04,6,2,86.00,Tienda
DP-260704-7065,2026-07-04,1,3,86.00,WhatsApp
DP-260705-3546,2026-07-05,10,1,76.20,Tienda
DP-260705-8468,2026-07-05,2,2,86.00,WhatsApp
DP-260705-8468,2026-07-05,9,3,80.80,WhatsApp
DP-260705-8468,2026-07-05,6,1,86.00,WhatsApp
DP-260705-4531,2026-07-05,9,3,80.80,WhatsApp
DP-260705-6132,2026-07-05,1,2,86.00,WhatsApp
DP-260705-8497,2026-07-05,13,2,76.20,Tienda
DP-260705-8864,2026-07-05,1,1,86.00,WhatsApp
DP-260705-9645,2026-07-05,9,1,80.80,Tienda
DP-260705-9645,2026-07-05,3,3,80.80,Tienda
DP-260705-9645,2026-07-05,1,1,86.00, whatsapp 
DP-260705-9645,2026-07-05,13,3,76.20,Tienda
DP-260705-6807,2026-07-05,12,3,76.20,WhatsApp
DP-260705-6807,2026-07-05,2,1,86.00,WhatsApp
DP-260705-6807,2026-07-05,7,1,70.70,WhatsApp
DP-260705-6807,2026-07-05,5,1,72.30,WhatsApp
DP-260705-5673,2026-07-05,1,1,86.00,WhatsApp
DP-260705-5673,2026-07-05,7,2,70.70,WhatsApp
DP-260705-5673,2026-07-05,3,3,80.80,WhatsApp
DP-260705-5673,2026-07-05,9,3,80.80,WhatsApp
DP-260705-7050,2026-07-05,9,2,80.80,WhatsApp
DP-260705-8917,2026-07-05,9,3,80.80,Tienda
DP-260705-8917,2026-07-05,5,3,72.30,Tienda
DP-260705-8917,2026-07-05,6,3,86.00,Tienda
DP-260705-8917,2026-07-05,4,2,80.80,Tienda
DP-260705-1613,2026-07-05,13,2,76.20,Tienda
DP-260705-1613,2026-07-05,7,2,70.70,Tienda
DP-260705-1613,2026-07-05,11,1,76.20,Tienda
DP-260705-1613,2026-07-05,6,1,86.00,Tienda
DP-260706-8426,2026-07-06,7,2,70.70,Tienda
DP-260706-4849,2026-07-06,3,3,80.80,Tienda
DP-260706-4849,2026-07-06,10,2,76.20,Tienda
DP-260706-4849,2026-07-06,6,2,86.00,Tienda
DP-260706-4849,2026-07-06,7,2,70.70,Tienda
DP-260706-5408,2026-07-06,7,2,70.70,Tienda
DP-260706-2391,2026-07-06,3,1,80.80,Tienda
DP-260706-2391,2026-07-06,1,3,86.00,Tienda
DP-260706-2391,2026-07-06,6,2,86.00,Tienda
DP-260706-2391,2026-07-06,13,2,76.20,Tienda
DP-260706-3909,2026-07-06,4,3,80.80,Tienda
DP-260706-2463,2026-07-06,1,1,86.00,WhatsApp
DP-260706-2463,2026-07-06,10,3,76.20,WhatsApp
DP-260707-2609,2026-07-07,10,2,76.20,WhatsApp
DP-260707-2609,2026-07-07,5,3,72.30,WhatsApp
DP-260707-2609,2026-07-07,4,3,80.80,WhatsApp
DP-260707-1905,2026-07-07,1,1,86.00,WhatsApp
DP-260707-1905,2026-07-07,6,1,86.00,WhatsApp
DP-260707-1905,2026-07-07,4,1,80.80,WhatsApp
DP-260707-2006,2026-07-07,7,2,70.70,WhatsApp
DP-260707-2006,2026-07-07,3,3,80.80,WhatsApp
DP-260707-2006,2026-07-07,6,3,86.00,WhatsApp
DP-260707-8878,2026-07-07,12,2,76.20,WhatsApp
DP-260707-8878,2026-07-07,13,1,76.20,WhatsApp
DP-260707-8878,2026-07-07,8,2,70.70,WhatsApp
DP-260707-8878,2026-07-07,3,1,80.80,WhatsApp
DP-260708-9235,2026-07-08,13,1,76.20,WhatsApp
DP-260708-3586,2026-07-08,7,2,70.70,Tienda
DP-260708-3586,2026-07-08,9,3,80.80,Tienda
DP-260708-2894,2026-07-08,4,1,80.80,Tienda
DP-260708-2894,2026-07-08,8,3,70.70,Tienda
DP-260708-3496,2026-07-08,11,1,76.20,WhatsApp
DP-260708-3496,2026-07-08,1,3,86.00,WhatsApp
DP-260708-7293,2026-07-08,7,2,70.70,WhatsApp
DP-260708-7293,2026-07-08,11,1,76.20,WhatsApp
DP-260708-7293,2026-07-08,5,2,72.30,WhatsApp
DP-260708-2207,2026-07-08,1,3,86.00,Tienda
DP-260708-2207,2026-07-08,6,1,86.00,Tienda
DP-260708-2630,2026-07-08,8,2,70.70,WhatsApp
DP-260708-2630,2026-07-08,6,3,86.00,WhatsApp
DP-260708-1640,2026-07-08,1,1,86.00,Tienda
DP-260708-1640,2026-07-08,12,1,76.20,Tienda
DP-260709-7154,2026-07-09,8,1,70.70,Tienda
DP-260709-7154,2026-07-09,13,2,76.20,Tienda
DP-260709-8935,2026-07-09,8,2,70.70,Tienda
DP-260709-8935,2026-07-09,2,3,86.00,Tienda
DP-260709-1232,2026-07-09,1,3,86.00,Tienda
DP-260709-1232,2026-07-09,4,2,80.80,Tienda
DP-260709-6745,2026-07-09,6,2,86.00,Tienda
DP-260709-6745,2026-07-09,3,2,80.80,Tienda
DP-260709-6745,2026-07-09,10,3,76.20,Tienda
DP-260709-6745,2026-07-09,13,1,76.20,Tienda
DP-260709-8305,2026-07-09,10,1,76.20,Tienda
DP-260709-8305,2026-07-09,6,2,86.00,Tienda
DP-260709-8305,2026-07-09,1,3,86.00,Tienda
DP-260710-7817,2026-07-10,3,3,80.80,WhatsApp
DP-260710-7817,2026-07-10,11,3,76.20,WhatsApp
DP-260710-7817,2026-07-10,6,2,86.00,WhatsApp
DP-260710-1324,2026-07-10,11,1,76.20,Tienda
DP-260710-1324,2026-07-10,1,1,86.00,Tienda
DP-260710-9428,2026-07-10,10,3,76.20,WhatsApp
DP-260710-9269,2026-07-10,8,2,70.70,WhatsApp
DP-260710-9269,2026-07-10,11,2,76.20,WhatsApp
DP-260710-9269,2026-07-10,3,1,80.80,WhatsApp
DP-260710-6058,2026-07-10,12,1,76.20,Tienda
DP-260710-6058,2026-07-10,3,1,80.80,Tienda
DP-260711-5284,2026-07-11,9,2,80.80,WhatsApp
DP-260711-5284,2026-07-11,8,3,70.70,WhatsApp
DP-260711-5284,2026-07-11,7,3,70.70,WhatsApp
DP-260711-5284,2026-07-11,13,2,76.20,WhatsApp
DP-260711-8763,2026-07-11,11,2,76.20,WhatsApp
DP-260711-8763,2026-07-11,1,1,86.00,WhatsApp
DP-260711-8763,2026-07-11,12,1,76.20,WhatsApp
DP-260711-3714,2026-07-11,12,3,76.20,WhatsApp
DP-260711-3714,2026-07-11,8,3,70.70,WhatsApp
DP-260711-2558,2026-07-11,4,2,80.80,WhatsApp
DP-260711-2558,2026-07-11,8,2,70.70,WhatsApp
DP-260711-2558,2026-07-11,3,2,80.80,WhatsApp
DP-260711-2481,2026-07-11,1,3,86.00,WhatsApp
DP-260711-2481,2026-07-11,7,3,70.70,WhatsApp
DP-260711-2481,2026-07-11,3,3,80.80,WhatsApp
DP-260711-6031,2026-07-11,11,2,76.20,WhatsApp
DP-260711-1973,2026-07-11,5,1,72.30,WhatsApp
DP-260711-1973,2026-07-11,3,2,80.80,WhatsApp
DP-260711-1973,2026-07-11,6,2,86.00,WhatsApp
DP-260711-1973,2026-07-11,8,3,70.70,WhatsApp
DP-260712-9506,2026-07-12,10,1,76.20,Tienda
DP-260712-9506,2026-07-12,7,2,70.70,Tienda
DP-260712-1306,2026-07-12,3,1,80.80,Tienda
DP-260712-1306,2026-07-12,7,3,70.70,Tienda
DP-260712-1306,2026-07-12,8,3,70.70,Tienda
DP-260712-1368,2026-07-12,8,3,70.70,Tienda
DP-260712-1368,2026-07-12,5,3,72.30,Tienda
DP-260712-1368,2026-07-12,1,3,86.00,Tienda
DP-260712-1368,2026-07-12,11,2,76.20,Tienda
DP-260712-4650,2026-07-12,13,2,76.20,WhatsApp
DP-260712-4650,2026-07-12,4,2,80.80,WhatsApp
DP-260712-4650,2026-07-12,6,1,86.00,WhatsApp
DP-260712-4650,2026-07-12,2,2,86.00,WhatsApp
DP-260712-1069,2026-07-12,1,2,86.00,Tienda
DP-260712-1069,2026-07-12,5,2,72.30,Tienda
DP-260712-6232,2026-07-12,13,2,76.20,WhatsApp
DP-260712-5598,12/07/2026,6,1,86.00,Tienda
DP-260712-4706,2026-07-12,11,1,76.20,WhatsApp
DP-260713-1766,2026-07-13,6,2,86.00,WhatsApp
DP-260713-1766,2026-07-13,9,1,80.80,WhatsApp
DP-260713-8265,2026-07-13,2,2,86.00,WhatsApp
DP-260713-6091,2026-07-13,8,3,70.70,WhatsApp
DP-260713-4450,2026-07-13,3,2,80.80,WhatsApp
DP-260713-4450,2026-07-13,5,3,72.30,WhatsApp
DP-260713-6132,2026-07-13,8,2,70.70,WhatsApp
DP-260713-6132,2026-07-13,7,1,70.70,WhatsApp
DP-260713-6132,2026-07-13,5,1,72.30,WhatsApp
DP-260713-6132,2026-07-13,6,2,86.00,WhatsApp
DP-260714-7012,2026-07-14,12,3,76.20,WhatsApp
DP-260714-7012,2026-07-14,7,1,70.70,WhatsApp
DP-260714-1722,2026-07-14,13,2,76.20,Tienda
DP-260714-8343,2026-07-14,6,2,86.00,WhatsApp
DP-260714-8343,2026-07-14,13,2,76.20,WhatsApp
DP-260715-8263,2026-07-15,4,2,80.80,WhatsApp
DP-260715-8263,2026-07-15,9,1,80.80,WhatsApp
DP-260715-5351,2026-07-15,1,1,86.00,WhatsApp
DP-260715-5351,2026-07-15,11,1,76.20,WhatsApp
DP-260715-5351,2026-07-15,4,1,80.80,WhatsApp
DP-260715-5351,2026-07-15,10,2,76.20,WhatsApp
DP-260716-9323,2026-07-16,7,3,70.70,Tienda
DP-260716-9323,2026-07-16,3,2,80.80,Tienda
DP-260716-9224,2026-07-16,13,3,76.20,WhatsApp
DP-260716-1713,2026-07-16,13,3,76.20,Tienda
DP-260716-1713,2026-07-16,5,3,72.30,Tienda
DP-260716-7151,2026-07-16,1,2,86.00,WhatsApp
DP-260716-7151,2026-07-16,12,2,76.20,WhatsApp
DP-260716-7151,2026-07-16,8,1,70.70,WhatsApp
DP-260716-7151,2026-07-16,7,3,70.70,WhatsApp
DP-260716-3646,2026-07-16,1,3,86.00,WhatsApp
DP-260716-3646,2026-07-16,4,1,80.80,WhatsApp
DP-260716-3646,2026-07-16,8,1,70.70,WhatsApp
DP-260717-9738,2026-07-17,8,1,70.70,Tienda
DP-260717-9738,2026-07-17,5,1,72.30,Tienda
DP-260717-4660,2026-07-17,2,2,86.00,WhatsApp
DP-260717-4660,2026-07-17,10,1,76.20,WhatsApp
DP-260717-8861,2026-07-17,11,2,76.20,WhatsApp
DP-260717-3372,2026-07-17,4,2,80.80,WhatsApp
DP-260717-3372,2026-07-17,10,2,76.20,WhatsApp
DP-260717-3372,2026-07-17,2,2,86.00,WhatsApp
DP-260717-2342,2026-07-17,13,1,76.20,WhatsApp
DP-260717-5931,2026-07-17,7,1,70.70,Tienda
DP-260717-9330,2026-07-17,7,1,70.70,Tienda
DP-260717-9330,2026-07-17,9,2,80.80,Tienda
DP-260717-9330,2026-07-17,1,3,86.00,Tienda
DP-260718-9729,2026-07-18,8,3,70.70,WhatsApp
DP-260718-9729,2026-07-18,3,3,80.80,WhatsApp
DP-260718-3735,2026-07-18,5,1,72.30,WhatsApp
DP-260718-2736,2026-07-18,5,3,72.30,Tienda
DP-260718-2736,2026-07-18,1,1,86.00,Tienda
DP-260718-2736,2026-07-18,8,2,70.70,Tienda
DP-260718-3171,2026-07-18,3,2,80.80,WhatsApp
DP-260718-3171,2026-07-18,6,2,86.00,WhatsApp
DP-260718-2471,2026-07-18,9,1,80.80,WhatsApp
DP-260718-8367,2026-07-18,3,1,80.80,WhatsApp
DP-260718-8367,2026-07-18,7,2,70.70,WhatsApp
DP-260718-8367,2026-07-18,9,2,80.80,WhatsApp
DP-260718-8580,2026-07-18,1,2,86.00,WhatsApp
DP-260718-8580,2026-07-18,8,1,70.70,WhatsApp
DP-260719-9326,2026-07-19,10,1,76.20,WhatsApp
DP-260719-9326,2026-07-19,1,3,86.00,WhatsApp
DP-260719-7496,2026-07-19,4,3,80.80,WhatsApp
DP-260719-7496,2026-07-19,13,1,76.20,WhatsApp
DP-260719-7496,2026-07-19,12,3,76.20,WhatsApp
DP-260719-4242,2026-07-19,1,2,86.00,WhatsApp
DP-260719-9156,2026-07-19,7,3,70.70,WhatsApp
DP-260719-9156,2026-07-19,5,2,72.30,WhatsApp
DP-260719-9156,2026-07-19,9,2,80.80,WhatsApp
DP-260719-9156,2026-07-19,3,3,80.80,WhatsApp
DP-260719-1315,2026-07-19,7,3,70.70,WhatsApp
DP-260719-5511,2026-07-19,7,3,70.70,WhatsApp
DP-260719-5511,2026-07-19,11,2,76.20,WhatsApp
DP-260719-5511,2026-07-19,5,3,72.30,WhatsApp
DP-260719-5511,2026-07-19,12,2,76.20,WhatsApp
DP-260719-5140,2026-07-19,1,2,86.00,WhatsApp
DP-260719-5140,2026-07-19,4,2,80.80,WhatsApp
DP-260719-5140,2026-07-19,8,1,70.70,WhatsApp
DP-260719-5140,2026-07-19,12,1,76.20,WhatsApp
DP-260720-5377,2026-07-20,4,1,80.80,Tienda
DP-260720-5993,2026-07-20,1,2,86.00,WhatsApp
DP-260721-7868,2026-07-21,7,1,70.70,WhatsApp
DP-260721-5569,2026-07-21,2,2,86.00,WhatsApp
DP-260721-5569,2026-07-21,4,3,80.80,WhatsApp
DP-260721-2826,2026-07-21,1,2,86.00,WhatsApp
DP-260721-2826,2026-07-21,8,1,70.70,WhatsApp
DP-260721-9175,2026-07-21,8,3,70.70,WhatsApp
DP-260721-9175,2026-07-21,5,2,72.30,WhatsApp
DP-260721-9175,2026-07-21,10,3,76.20,WhatsApp
DP-260721-8502,2026-07-21,11,2,76.20,Tienda
DP-260721-8502,2026-07-21,6,1,86.00,Tienda
DP-260721-8502,2026-07-21,8,2,70.70,Tienda
DP-260721-5520,2026-07-21,11,1,76.20,WhatsApp
DP-260721-5520,2026-07-21,10,3,76.20,WhatsApp
DP-260721-5520,2026-07-21,6,3,86.00,WhatsApp
DP-260722-5499,2026-07-22,13,2,76.20,WhatsApp
DP-260722-5499,2026-07-22,4,1,80.80,WhatsApp
DP-260722-1783,2026-07-22,11,1,76.20,Tienda
DP-260722-6668,2026-07-22,2,2,86.00,WhatsApp
DP-260722-6668,2026-07-22,1,3,86.00,WhatsApp
DP-260722-9954,2026-07-22,3,3,80.80,WhatsApp
DP-260722-9954,2026-07-22,6,3,86.00,WhatsApp
DP-260722-9954,2026-07-22,11,3,76.20,WhatsApp
DP-260722-9954,2026-07-22,5,3,72.30,WhatsApp
DP-260722-3834,2026-07-22,4,3,80.80,WhatsApp
DP-260722-3834,2026-07-22,1,3,86.00,WhatsApp
DP-260722-4635,2026-07-22,5,2,72.30,WhatsApp
DP-260722-4635,2026-07-22,8,2,70.70,WhatsApp
DP-260722-4635,2026-07-22,7,2,70.70,WhatsApp
DP-260723-5414,2026-07-23,3,1,80.80,WhatsApp
DP-260723-8056,2026-07-23,8,2,70.70,WhatsApp
DP-260723-8056,2026-07-23,11,1,76.20,WhatsApp
DP-260723-2833,2026-07-23,5,1,72.30,Tienda
DP-260723-2733,2026-07-23,5,2,72.30,WhatsApp
DP-260723-5875,2026-07-23,12,3,76.20,WhatsApp
DP-260723-5875,2026-07-23,4,3,80.80,WhatsApp
DP-260723-5875,2026-07-23,8,1,70.70,WhatsApp
DP-260723-5875,2026-07-23,6,3,86.00,WhatsApp
DP-260724-1495,2026-07-24,6,2,86.00,WhatsApp
DP-260724-5853,2026-07-24,11,3,76.20,TIENDA
DP-260724-7847,2026-07-24,7,3,70.70,WhatsApp
DP-260724-7847,2026-07-24,1,2,86.00,WhatsApp
DP-260724-7847,2026-07-24,2,1,86.00,WhatsApp
DP-260724-7847,2026-07-24,6,3,86.00,WhatsApp
DP-260725-9315,2026-07-25,3,3,80.80,WhatsApp
DP-260725-9315,2026-07-25,11,1,76.20,WhatsApp
DP-260725-2651,2026-07-25,10,1,76.20,Tienda
DP-260725-3258,2026-07-25,8,2,70.70,WhatsApp
DP-260725-5260,2026-07-25,6,1,86.00,WhatsApp
DP-260725-5260,2026-07-25,1,3,86.00,WhatsApp
DP-260725-4276,2026-07-25,11,1,76.20,WhatsApp
DP-260725-9867,2026-07-25,13,3,76.20,WhatsApp
DP-260725-7922,2026-07-25,10,3,76.20,WhatsApp
DP-260725-7922,2026-07-25,9,3,80.80,WhatsApp
DP-260725-6147,2026-07-25,2,3,86.00,Tienda
DP-260725-6147,2026-07-25,9,3,80.80,Tienda
DP-260725-6147,2026-07-25,6,1,86.00,Tienda
DP-260725-6147,2026-07-25,5,2,72.30,Tienda
DP-260726-1559,2026-07-26,11,1,76.20,WhatsApp
DP-260726-1559,2026-07-26,10,3,76.20,WhatsApp
DP-260726-7184,2026-07-26,6,1,86.00,WhatsApp
DP-260726-7184,2026-07-26,11,1,76.20,WhatsApp
DP-260726-9220,2026-07-26,10,3,76.20,WhatsApp
DP-260726-9220,2026-07-26,6,1,86.00,WhatsApp
DP-260726-9220,2026-07-26,5,1,72.30,WhatsApp
DP-260726-9220,2026-07-26,2,1,86.00,WhatsApp
DP-260726-6075,2026-07-26,1,3,86.00,WhatsApp
DP-260726-8878,2026-07-26,3,3,80.80,WhatsApp
DP-260726-8878,2026-07-26,6,1,86.00,WhatsApp
DP-260726-9254,2026-07-26,8,1,70.70,Tienda
DP-260726-9254,2026-07-26,10,3,76.20,Tienda
DP-260726-7849,2026-07-26,1,3,86.00,Tienda
DP-260726-7849,2026-07-26,5,3,72.30,Tienda
DP-260726-7849,2026-07-26,8,2,70.70,Tienda
DP-260726-7088,2026-07-26,13,2,76.20,WhatsApp
DP-260726-7088,2026-07-26,2,1,86.00,WhatsApp
DP-260726-7088,2026-07-26,12,3,76.20,WhatsApp
DP-260726-2515,2026-07-26,10,1,76.20,WhatsApp
DP-260726-2515,2026-07-26,8,3,70.70,WhatsApp
DP-260726-5997,2026-07-26,13,2,76.20,WhatsApp
DP-260726-5997,2026-07-26,7,1,70.70,WhatsApp
DP-260726-6950,2026-07-26,1,1,86.00,Tienda
DP-260726-6950,2026-07-26,5,2,72.30,Tienda
DP-260726-6950,2026-07-26,12,3,76.20,Tienda
DP-260726-3212,2026-07-26,5,2,72.30,WhatsApp
DP-260727-5505,2026-07-27,3,1,80.80,Tienda
DP-260727-5505,2026-07-27,7,2,70.70,Tienda
DP-260727-3172,2026-07-27,4,1,80.80,WhatsApp
DP-260727-4680,2026-07-27,6,2,86.00,WhatsApp
DP-260727-6880,2026-07-27,7,3,70.70,WhatsApp
DP-260727-6880,2026-07-27,10,1,76.20,WhatsApp
DP-260727-6880,2026-07-27,4,1,80.80,WhatsApp
DP-260727-6880,2026-07-27,8,3,70.70,WhatsApp
DP-260727-9909,2026-07-27,13,3,76.20,Tienda
DP-260727-9909,2026-07-27,3,2,80.80,Tienda
DP-260727-9909,2026-07-27,5,3,72.30,Tienda
DP-260727-6828,2026-07-27,11,3,76.20,WhatsApp
DP-260727-6828,2026-07-27,6,1,86.00,WhatsApp
DP-260728-9779,2026-07-28,8,1,70.70,WhatsApp
DP-260728-9779,2026-07-28,5,3,72.30,WhatsApp
DP-260728-9779,2026-07-28,13,2,76.20,WhatsApp
DP-260728-5183,2026-07-28,9,2,80.80,WhatsApp
DP-260728-5183,2026-07-28,11,2,76.20,WhatsApp
DP-260728-5183,2026-07-28,3,3,80.80,WhatsApp
DP-260728-5183,2026-07-28,5,3,72.30,WhatsApp
DP-260728-9979,2026-07-28,4,1,80.80,WhatsApp
DP-260728-9979,2026-07-28,12,3,76.20,WhatsApp
DP-260728-1399,2026-07-28,13,3,76.20,WhatsApp
DP-260728-1399,2026-07-28,8,2,70.70,WhatsApp
DP-260729-8510,2026-07-29,5,2,72.30,WhatsApp
DP-260729-4821,2026-07-29,8,1,70.70,Tienda
DP-260729-1135,2026-07-29,1,3,86.00,WhatsApp
DP-260729-1135,2026-07-29,11,2,76.20,WhatsApp
DP-260729-1135,2026-07-29,6,3,86.00,WhatsApp
DP-260729-4680,2026-07-29,7,3,70.70,WhatsApp
DP-260729-4680,2026-07-29,12,1,76.20,WhatsApp
DP-260729-9829,2026-07-29,3,1,80.80,WhatsApp
DP-260729-1389,2026-07-29,4,2,80.80,WhatsApp
DP-260729-1389,2026-07-29,1,1,86.00,WhatsApp
DP-260729-1389,2026-07-29,12,1,76.20,WhatsApp
DP-260729-1389,2026-07-29,13,2,76.20,WhatsApp
DP-260729-1852,2026-07-29,4,2,80.80,WhatsApp
DP-260729-1852,2026-07-29,7,1,70.70,WhatsApp
DP-260729-1852,2026-07-29,8,3,70.70,WhatsApp
DP-260729-1852,2026-07-29,3,2,80.80,WhatsApp
DP-260729-7860,2026-07-29,3,3,80.80,WhatsApp
DP-260729-7860,2026-07-29,12,2,76.20,WhatsApp
DP-260729-7860,2026-07-29,2,3,86.00,WhatsApp
DP-260729-7860,2026-07-29,6,2,86.00,WhatsApp
DP-260730-1475,2026-07-30,2,2,86.00,WhatsApp
DP-260730-1475,2026-07-30,4,3,80.80,WhatsApp
DP-260730-1475,2026-07-30,8,2,70.70,WhatsApp
DP-260730-5558,2026-07-30,12,1,76.20,WhatsApp
DP-260730-8581,2026-07-30,6,1,86.00,WhatsApp
DP-260730-8581,2026-07-30,13,2,76.20,WhatsApp
DP-260730-4577,2026-07-30,9,1,80.80,Tienda
DP-260730-3205,2026-07-30,5,2,72.30,WhatsApp
DP-260730-3205,2026-07-30,9,3,80.80,WhatsApp
DP-260730-1556,2026-07-30,13,2,76.20,WhatsApp
DP-260730-1213,2026-07-30,10,1,76.20,WhatsApp
DP-260730-1213,2026-07-30,4,3,80.80,WhatsApp
DP-260730-1213,2026-07-30,6,2,86.00,WhatsApp
DP-260731-9809,2026-07-31,11,2,76.20,WhatsApp
DP-260731-9809,2026-07-31,3,3,80.80,WhatsApp
DP-260731-3471,2026-07-31,1,3,86.00,WhatsApp
DP-260731-9839,2026-07-31,5,2,72.30,WhatsApp
DP-260801-6301,2026-08-01,5,2,72.30,WhatsApp
DP-260801-6301,2026-08-01,8,1,70.70,WhatsApp
DP-260801-6301,2026-08-01,10,2,76.20,WhatsApp
DP-260801-1877,2026-08-01,12,1,76.20,WhatsApp
DP-260801-1877,2026-08-01,9,1,80.80,WhatsApp
DP-260801-8670,2026-08-01,6,3,86.00,WhatsApp
DP-260801-8670,2026-08-01,5,1,72.30,WhatsApp
DP-260801-4227,2026-08-01,12,3,76.20,WhatsApp
DP-260801-4227,2026-08-01,4,1,80.80,WhatsApp
DP-260801-8156,2026-08-01,3,1,80.80,WhatsApp
DP-260801-8927,2026-08-01,3,1,80.80,WhatsApp
DP-260801-8927,2026-08-01,11,3,76.20,WhatsApp
DP-260801-8927,2026-08-01,9,1,80.80,WhatsApp
DP-260801-4611,2026-08-01,1,2,86.00,WhatsApp
DP-260801-4611,2026-08-01,8,3,70.70,WhatsApp
DP-260805-7162X,2026-08-05,12,,76.20,Tienda
DP-260801-4611,2026-08-01,8,3,70.70,WhatsApp
DP-260801-6317,2026-08-01,3,2,80.80,WhatsApp
DP-260801-6317,2026-08-01,1,3,86.00,WhatsApp
DP-260801-6317,2026-08-01,4,3,80.80,WhatsApp
DP-260801-1468,2026-08-01,2,3,86.00,WhatsApp
DP-260801-2506,2026-08-01,4,2,80.80,WhatsApp
DP-260801-2506,2026-08-01,7,3,70.70,WhatsApp
DP-260801-2506,2026-08-01,12,3,76.20,WhatsApp
DP-260802-3088,2026-08-02,13,2,76.20,Tienda
DP-260802-3088,2026-08-02,12,2,76.20,Tienda
DP-260802-3088,2026-08-02,7,2,70.70,Tienda
DP-260802-4574,2026-08-02,7,3,70.70,WhatsApp
DP-260802-4574,2026-08-02,6,2,86.00,WhatsApp
DP-260802-4574,2026-08-02,11,2,76.20,WhatsApp
DP-260802-7187,2026-08-02,4,1,80.80,Tienda
DP-260802-7187,2026-08-02,8,3,70.70,Tienda
DP-260802-7187,2026-08-02,13,1,76.20,Tienda
DP-260802-7187,2026-08-02,12,1,76.20,Tienda
DP-260802-5159,2026-08-02,8,2,70.70,WhatsApp
DP-260802-5159,2026-08-02,10,2,76.20,WhatsApp
DP-260802-2152,2026-08-02,1,2,86.00,WhatsApp
DP-260802-2152,2026-08-02,13,2,76.20,WhatsApp
DP-260802-2152,2026-08-02,8,2,70.70,WhatsApp
DP-260802-9371,2026-08-02,8,1,70.70,WhatsApp
DP-260802-7485,2026-08-02,13,3,76.20,Tienda
DP-260802-5809,2026-08-02,7,3,70.70,WhatsApp
DP-260802-5809,2026-08-02,12,1,76.20,WhatsApp
DP-260802-5809,2026-08-02,8,1,70.70,WhatsApp
DP-260802-2993,2026-08-02,3,2,80.80,Tienda
DP-260802-2993,2026-08-02,11,3,76.20,Tienda
DP-260802-2993,2026-08-02,2,2,86.00,Tienda
DP-260803-1382,2026-08-03,4,2,80.80,WhatsApp
DP-260803-1382,2026-08-03,9,1,80.80,WhatsApp
DP-260803-2326,2026-08-03,6,1,86.00,WhatsApp
DP-260803-2326,2026-08-03,8,1,70.70,WhatsApp
DP-260803-6414,2026-08-03,4,3,80.80,Tienda
DP-260803-6414,2026-08-03,7,1,70.70,Tienda
DP-260803-6414,2026-08-03,6,2,86.00,Tienda
DP-260803-6847,2026-08-03,7,2,70.70,Tienda
DP-260803-6847,2026-08-03,1,3,86.00,Tienda
DP-260803-6847,2026-08-03,6,2,86.00,Tienda
DP-260803-4912,2026-08-03,1,3,86.00,Tienda
DP-260803-4912,2026-08-03,12,2,76.20,Tienda
DP-260803-4912,2026-08-03,5,2,72.30,Tienda
DP-260803-4912,2026-08-03,6,3,86.00,Tienda
DP-260803-3864,2026-08-03,10,2,76.20,WhatsApp
DP-260803-3454,2026-08-03,7,2,70.70,WhatsApp
DP-260803-3454,2026-08-03,4,3,80.80,WhatsApp
DP-260803-3454,2026-08-03,11,3,76.20,WhatsApp
DP-260803-6295,2026-08-03,1,3,86.00,WhatsApp
DP-260803-6295,2026-08-03,9,2,80.80,WhatsApp
DP-260804-9084,2026-08-04,7,1,70.70,WhatsApp
DP-260804-9084,2026-08-04,4,1,80.80,WhatsApp
DP-260804-7130,2026-08-04,2,2,86.00,Tienda
DP-260804-6886,2026-08-04,2,1,86.00,Tienda
DP-260804-6886,2026-08-04,1,2,86.00,Tienda
DP-260804-6886,2026-08-04,8,1,70.70,Tienda
DP-260804-6886,2026-08-04,3,3,80.80,Tienda
DP-260805-7162,2026-08-05,13,1,76.20,Tienda
DP-260805-7162,2026-08-05,3,2,80.80,Tienda
DP-260805-7162,2026-08-05,12,1,76.20,Tienda
DP-260805-7162,2026-08-05,4,2,80.80,Tienda
DP-260805-2428,2026-08-05,11,2,76.20,WhatsApp
DP-260805-1158,2026-08-05,11,2,76.20,Tienda
DP-260805-1158,2026-08-05,4,2,80.80,Tienda
DP-260805-1158,2026-08-05,5,3,72.30,Tienda
DP-260805-2887,2026-08-05,13,2,76.20,WhatsApp
DP-260805-2887,2026-08-05,2,1,86.00,WhatsApp
DP-260805-4802,2026-08-05,10,3,76.20,WhatsApp
DP-260805-4802,2026-08-05,8,3,70.70,WhatsApp
DP-260805-4802,2026-08-05,13,3,76.20,WhatsApp
DP-260805-4802,2026-08-05,6,3,86.00,WhatsApp
DP-260806-6870,2026-08-06,1,3,86.00,WhatsApp
DP-260806-6870,2026-08-06,3,2,80.80,WhatsApp
DP-260806-9145,2026-08-06,11,3,76.20,Tienda
DP-260806-9145,2026-08-06,13,3,76.20,Tienda
DP-260806-9145,2026-08-06,4,3,80.80,Tienda
DP-260806-5509,2026-08-06,5,3,72.30,WhatsApp
DP-260806-5509,2026-08-06,3,1,80.80,WhatsApp
DP-260806-9990,2026-08-06,1,1,86.00,Tienda
DP-260806-9990,2026-08-06,12,1,76.20,Tienda
DP-260806-9990,2026-08-06,6,2,86.00,Tienda
DP-260806-1769,2026-08-06,7,1,70.70,WhatsApp
DP-260806-1769,2026-08-06,4,1,80.80,WhatsApp
DP-260807-1061,2026-08-07,4,1,80.80,WhatsApp
DP-260807-7440,2026-08-07,7,1,70.70,WhatsApp
DP-260807-7440,2026-08-07,4,2,80.80,WhatsApp
DP-260807-5375,2026-08-07,6,3,86.00,Tienda
DP-260807-5375,2026-08-07,12,2,76.20,Tienda
DP-260807-5375,2026-08-07,11,1,76.20,Tienda
DP-260807-7007,2026-08-07,2,2,86.00,WhatsApp
DP-260807-7007,2026-08-07,3,1,80.80,WhatsApp
DP-260807-7007,2026-08-07,8,2,70.70,WhatsApp
DP-260807-7007,2026-08-07,10,3,76.20,WhatsApp
DP-260807-8673,2026-08-07,5,1,72.30,Tienda
DP-260807-8673,2026-08-07,13,3,76.20,Tienda
DP-260807-8673,2026-08-07,11,1,76.20,Tienda
DP-260807-9351,2026-08-07,1,3,86.00,WhatsApp
DP-260807-9351,2026-08-07,3,1,80.80,WhatsApp
DP-260807-9351,2026-08-07,12,3,76.20,WhatsApp
DP-260807-9351,2026-08-07,6,1,86.00,WhatsApp
DP-260808-6217,2026-08-08,6,2,86.00,WhatsApp
DP-260808-6217,2026-08-08,4,2,80.80,WhatsApp
DP-260808-6217,2026-08-08,7,2,70.70,WhatsApp
DP-260808-8863,2026-08-08,4,3,80.80,Tienda
DP-260808-8863,2026-08-08,9,3,80.80,Tienda
DP-260808-6334,2026-08-08,4,2,80.80,WhatsApp
DP-260808-6334,2026-08-08,7,1,70.70,WhatsApp
DP-260808-6334,2026-08-08,12,1,76.20,WhatsApp
DP-260808-7179,2026-08-08,1,1,86.00,WhatsApp
DP-260808-1378,2026-08-08,8,3,70.70,WhatsApp
DP-260808-1378,2026-08-08,4,1,80.80,WhatsApp
DP-260808-1378,2026-08-08,5,1,72.30,WhatsApp
DP-260808-4314,2026-08-08,11,2,76.20,Tienda
DP-260808-4314,2026-08-08,3,3,80.80,Tienda
DP-260808-4314,2026-08-08,6,2,86.00,Tienda
DP-260808-5469,2026-08-08,4,1,80.80,WhatsApp
DP-260808-5469,2026-08-08,3,2,80.80,WhatsApp
DP-260809-7390,2026-08-09,5,2,72.30,WhatsApp
DP-260809-9619,2026-08-09,4,2,80.80,Tienda
DP-260809-9619,2026-08-09,11,1,76.20,Tienda
DP-260809-9619,2026-08-09,12,3,76.20,Tienda
DP-260809-3579,2026-08-09,10,1,76.20,WhatsApp
DP-260809-3579,2026-08-09,4,3,80.80,WhatsApp
DP-260809-5076,2026-08-09,7,3,70.70,Tienda
DP-260809-5076,2026-08-09,9,2,80.80,Tienda
DP-260809-6442,2026-08-09,12,2,76.20,WhatsApp
DP-260809-6442,2026-08-09,8,2,70.70,WhatsApp
DP-260809-3920,2026-08-09,8,3,70.70,WhatsApp
DP-260809-3920,2026-08-09,7,1,70.70,WhatsApp
DP-260809-2018,2026-08-09,3,3,80.80,Tienda
DP-260809-2018,2026-08-09,1,3,86.00,Tienda
DP-260809-9275,2026-08-09,8,2,70.70,WhatsApp
DP-260809-9275,2026-08-09,10,1,76.20,WhatsApp
DP-260809-9275,2026-08-09,5,3,72.30,WhatsApp
DP-260810-5870,2026-08-10,7,3,70.70,Tienda
DP-260810-5870,2026-08-10,8,2,70.70,Tienda
DP-260810-5870,2026-08-10,5,3,72.30,Tienda
DP-260810-5870,2026-08-10,6,3,86.00,Tienda
DP-260810-4240,2026-08-10,13,2,76.20,WhatsApp
DP-260810-4240,2026-08-10,11,2,76.20,WhatsApp
DP-260810-2678,2026-08-10,8,1,70.70,WhatsApp
DP-260810-2678,2026-08-10,13,2,76.20,WhatsApp
DP-260810-4572,2026-08-10,7,3,70.70,WhatsApp
DP-260810-4572,2026-08-10,1,3,86.00,WhatsApp
DP-260810-6585,2026-08-10,12,1,76.20,Tienda
DP-260810-2567,2026-08-10,13,2,76.20,Tienda
DP-260810-2567,2026-08-10,10,2,76.20,Tienda
DP-260810-2567,2026-08-10,12,3,76.20,Tienda
DP-260811-9243,2026-08-11,11,3,76.20,WhatsApp
DP-260811-9243,2026-08-11,10,1,76.20,WhatsApp
DP-260811-1778,2026-08-11,2,3,86.00,Tienda
DP-260811-1778,2026-08-11,5,1,72.30,Tienda
DP-260811-1778,2026-08-11,4,2,80.80,Tienda
DP-260811-1778,2026-08-11,12,2,76.20,Tienda
DP-260811-7773,2026-08-11,4,2,80.80,Tienda
DP-260811-7773,2026-08-11,7,2,70.70,Tienda
DP-260811-7773,2026-08-11,9,2,80.80,Tienda
DP-260811-7773,2026-08-11,11,1,76.20,Tienda
DP-260811-8128,2026-08-11,8,2,70.70,Tienda
DP-260811-8128,2026-08-11,3,3,80.80,Tienda
DP-260811-8128,2026-08-11,6,2,86.00,Tienda
DP-260811-4789,2026-08-11,4,3,80.80,Tienda
DP-260811-4789,2026-08-11,13,1,76.20,Tienda
DP-260811-4789,2026-08-11,3,2,80.80,Tienda
DP-260812-1391,2026-08-12,4,1,80.80,Tienda
DP-260812-1391,2026-08-12,1,1,86.00,Tienda
DP-260812-1391,2026-08-12,12,2,76.20,Tienda
DP-260812-9633,2026-08-12,6,3,86.00,WhatsApp
DP-260812-9633,2026-08-12,4,1,80.80,WhatsApp
DP-260812-7910,2026-08-12,12,2,76.20,WhatsApp
DP-260812-7910,2026-08-12,10,2,76.20,WhatsApp
DP-260813-8422,2026-08-13,5,3,72.30,WhatsApp
DP-260813-9802,2026-08-13,7,2,70.70,WhatsApp
DP-260813-9802,2026-08-13,2,3,86.00,WhatsApp
DP-260813-9802,2026-08-13,4,3,80.80,WhatsApp
DP-260813-7082,2026-08-13,11,2,76.20,WhatsApp
DP-260813-5754,2026-08-13,1,3,86.00,WhatsApp
DP-260813-5754,2026-08-13,13,1,76.20,WhatsApp
DP-260813-5754,2026-08-13,4,2,80.80,WhatsApp
DP-260813-5754,2026-08-13,2,2,86.00,WhatsApp
DP-260813-2151,2026-08-13,4,3,80.80,Tienda
DP-260813-2151,2026-08-13,13,3,76.20,Tienda
DP-260813-7292,2026-08-13,8,2,70.70,Tienda
DP-260813-7823,2026-08-13,4,2,80.80,WhatsApp
DP-260813-7823,2026-08-13,7,3,70.70,WhatsApp
DP-260813-7823,2026-08-13,2,2,86.00,WhatsApp
DP-260814-3846,2026-08-14,6,3,86.00,Tienda
DP-260814-3846,2026-08-14,11,1,76.20,Tienda
DP-260814-3846,2026-08-14,1,2,86.00,Tienda
DP-260814-3846,2026-08-14,3,3,80.80,Tienda
DP-260814-8486,2026-08-14,5,3,72.30,WhatsApp
DP-260814-8486,2026-08-14,6,2,86.00,WhatsApp
DP-260814-8486,2026-08-14,2,2,86.00,WhatsApp
DP-260814-6803,2026-08-14,5,2,72.30,Tienda
DP-260814-7158,2026-08-14,6,2,86.00,Tienda
DP-260814-5675,2026-08-14,9,2,80.80,Tienda
DP-260814-5675,2026-08-14,5,2,72.30,Tienda
DP-260814-5675,2026-08-14,6,3,86.00,Tienda
DP-260814-5675,2026-08-14,7,1,70.70,Tienda
DP-260815-3262,2026-08-15,3,3,80.80,WhatsApp
DP-260815-3262,2026-08-15,2,3,86.00,WhatsApp
DP-260815-7344,2026-08-15,9,1,80.80,WhatsApp
DP-260815-7344,2026-08-15,4,2,80.80,WhatsApp
DP-260815-7344,2026-08-15,7,1,70.70,WhatsApp
DP-260815-7344,2026-08-15,5,2,72.30,WhatsApp
DP-260815-2668,2026-08-15,1,1,86.00,Tienda
DP-260815-8392,2026-08-15,5,1,72.30,Tienda
DP-260815-8392,2026-08-15,11,2,76.20,Tienda
DP-260815-9084,2026-08-15,13,2,76.20,Tienda
DP-260815-5053,2026-08-15,2,2,86.00,WhatsApp
DP-260815-5053,2026-08-15,9,3,80.80,WhatsApp
DP-260815-5053,2026-08-15,1,2,86.00,WhatsApp
DP-260816-7823,2026-08-16,8,1,70.70,WhatsApp
DP-260816-7199,2026-08-16,13,1,76.20,Tienda
DP-260816-7199,2026-08-16,1,3,86.00,Tienda
DP-260816-8068,2026-08-16,13,2,76.20,Tienda
DP-260816-8068,2026-08-16,3,3,80.80,Tienda
DP-260816-2805,2026-08-16,6,1,86.00,Tienda
DP-260816-2805,2026-08-16,10,1,76.20,Tienda
DP-260816-2805,2026-08-16,8,3,70.70,Tienda
DP-260816-2805,2026-08-16,3,2,80.80,Tienda
DP-260816-7571,2026-08-16,9,1,80.80,Tienda
DP-260816-7571,2026-08-16,2,1,86.00,Tienda
DP-260816-7571,2026-08-16,6,2,86.00,Tienda
DP-260817-7847,2026-08-17,10,2,76.20,WhatsApp
DP-260817-7847,2026-08-17,3,3,80.80,WhatsApp
DP-260817-7847,2026-08-17,6,1,86.00,WhatsApp
DP-260817-7798,2026-08-17,8,1,70.70,WhatsApp
DP-260817-7798,2026-08-17,13,3,76.20,WhatsApp
DP-260817-7798,2026-08-17,5,3,72.30,WhatsApp
DP-260817-2086,2026-08-17,6,3,86.00,WhatsApp
DP-260817-2086,2026-08-17,7,3,70.70,WhatsApp
DP-260817-2229,2026-08-17,13,3,76.20,WhatsApp
DP-260817-1805,2026-08-17,10,3,76.20,Tienda
DP-260817-1805,2026-08-17,3,1,80.80,Tienda
DP-260817-1805,2026-08-17,11,1,76.20,Tienda
DP-260817-5740,2026-08-17,1,1,86.00,WhatsApp
DP-260817-5740,2026-08-17,5,1,72.30,WhatsApp
DP-260817-5740,2026-08-17,8,3,70.70,WhatsApp
DP-260817-4184,2026-08-17,4,3,80.80,Tienda
DP-260813-2151,2026-08-13,4,3,80.80,Tienda
DP-260822-7531X,2026-08-22,1,0,86.00,Tienda
DP-260817-4184,2026-08-17,7,3,70.70,Tienda
DP-260818-4141,2026-08-18,1,1,86.00,WhatsApp
DP-260818-4141,2026-08-18,12,1,76.20,WhatsApp
DP-260818-4141,2026-08-18,11,3,76.20,WhatsApp
DP-260818-8545,2026-08-18,13,3,76.20,WhatsApp
DP-260818-8545,2026-08-18,2,3,86.00,WhatsApp
DP-260818-8545,2026-08-18,3,1,80.80,WhatsApp
DP-260818-8545,2026-08-18,9,2,80.80,WhatsApp
DP-260819-9840,2026-08-19,9,2,80.80,WhatsApp
DP-260819-9840,2026-08-19,6,2,86.00,WhatsApp
DP-260819-9840,2026-08-19,11,2,76.20,WhatsApp
DP-260819-1638,2026-08-19,3,3,80.80,WhatsApp
DP-260819-6988,2026-08-19,3,1,80.80,WhatsApp
DP-260819-6988,2026-08-19,12,1,76.20,WhatsApp
DP-260819-6988,2026-08-19,5,2,72.30,WhatsApp
DP-260819-6988,2026-08-19,6,2,86.00,WhatsApp
DP-260819-7035,2026-08-19,8,2,70.70,WhatsApp
DP-260819-7035,2026-08-19,6,2,86.00,WhatsApp
DP-260819-1307,2026-08-19,7,2,70.70,WhatsApp
DP-260819-1307,2026-08-19,11,3,76.20,WhatsApp
DP-260819-7250,2026-08-19,7,3,70.70,WhatsApp
DP-260820-2561,2026-08-20,12,1,76.20,WhatsApp
DP-260820-2561,2026-08-20,8,1,70.70,WhatsApp
DP-260820-8345,2026-08-20,8,2,70.70,WhatsApp
DP-260820-5874,2026-08-20,4,1,80.80,Tienda
DP-260820-5874,2026-08-20,1,1,86.00,Tienda
DP-260820-5874,2026-08-20,13,3,76.20,Tienda
DP-260820-7125,2026-08-20,6,3,86.00,WhatsApp
DP-260820-7125,2026-08-20,13,1,76.20,WhatsApp
DP-260820-7125,2026-08-20,9,3,80.80,WhatsApp
DP-260820-7125,2026-08-20,5,1,72.30,WhatsApp
DP-260820-8048,2026-08-20,8,3,70.70,WhatsApp
DP-260820-7649,2026-08-20,11,1,76.20,WhatsApp
DP-260820-7649,2026-08-20,7,2,70.70,WhatsApp
DP-260820-3416,2026-08-20,9,1,80.80,WhatsApp
DP-260821-6308,2026-08-21,6,3,86.00,Tienda
DP-260821-6308,2026-08-21,3,1,80.80,Tienda
DP-260821-1105,2026-08-21,12,1,76.20,WhatsApp
DP-260821-1105,2026-08-21,13,2,76.20,WhatsApp
DP-260821-1105,2026-08-21,6,2,86.00,WhatsApp
DP-260822-6889,2026-08-22,6,1,86.00,WhatsApp
DP-260822-6707,2026-08-22,1,1,86.00,WhatsApp
DP-260822-3947,2026-08-22,5,3,72.30,Tienda
DP-260822-3947,2026-08-22,6,1,86.00,Tienda
DP-260822-6337,2026-08-22,12,3,76.20,WhatsApp
DP-260822-6337,2026-08-22,1,1,86.00,WhatsApp
DP-260822-6337,2026-08-22,3,2,80.80,WhatsApp
DP-260822-6337,2026-08-22,4,1,80.80,WhatsApp
DP-260822-2240,2026-08-22,1,2,86.00,Tienda
DP-260822-2240,2026-08-22,8,3,70.70,Tienda
DP-260822-2240,2026-08-22,4,3,80.80,Tienda
DP-260822-4502,2026-08-22,7,1,70.70,Tienda
DP-260822-6360,2026-08-22,1,2,86.00,WhatsApp
DP-260822-1049,2026-08-22,9,3,80.80,WhatsApp
DP-260822-1049,2026-08-22,12,3,76.20,WhatsApp
DP-260822-1049,2026-08-22,1,3,86.00,WhatsApp
DP-260822-1049,2026-08-22,4,1,80.80,WhatsApp
DP-260822-6540,2026-08-22,10,1,76.20,WhatsApp
DP-260822-6540,2026-08-22,11,1,76.20,WhatsApp
DP-260822-6540,2026-08-22,4,2,80.80,WhatsApp
DP-260822-6540,2026-08-22,6,3,86.00,WhatsApp
DP-260822-7531,2026-08-22,1,1,86.00,Tienda
DP-260822-7531,2026-08-22,13,3,76.20,Tienda
DP-260822-7531,2026-08-22,4,2,80.80,Tienda
DP-260822-3316,2026-08-22,12,2,76.20,WhatsApp
DP-260822-4427,2026-08-22,5,3,72.30,WhatsApp
DP-260822-4427,2026-08-22,8,1,70.70,WhatsApp
DP-260823-7045,2026-08-23,5,1,72.30,Tienda
DP-260823-7045,2026-08-23,4,2,80.80,Tienda
DP-260823-1813,2026-08-23,11,2,76.20,Tienda
DP-260823-1813,2026-08-23,7,2,70.70,Tienda
DP-260823-9649,2026-08-23,13,2,76.20,WhatsApp
DP-260823-9649,2026-08-23,4,3,80.80,WhatsApp
DP-260823-9649,2026-08-23,6,3,86.00,WhatsApp
DP-260823-5050,2026-08-23,5,3,72.30,Tienda
DP-260823-5050,2026-08-23,13,1,76.20,Tienda
DP-260823-5050,2026-08-23,12,2,76.20,Tienda
DP-260823-4248,2026-08-23,8,3,70.70,WhatsApp
DP-260823-4066,2026-08-23,12,2,76.20,Tienda
DP-260823-2840,2026-08-23,3,2,80.80,WhatsApp
DP-260823-5611,2026-08-23,8,1,70.70,Tienda
DP-260823-5611,2026-08-23,11,1,76.20,Tienda
DP-260823-4641,2026-08-23,13,2,76.20,WhatsApp
DP-260823-4641,2026-08-23,10,3,76.20,WhatsApp
DP-260823-5750,2026-08-23,13,1,76.20,Tienda
DP-260823-5750,2026-08-23,11,2,76.20,Tienda
DP-260823-5750,2026-08-23,8,3,70.70,Tienda
DP-260823-5195,2026-08-23,13,1,76.20,WhatsApp
DP-260823-5195,2026-08-23,1,3,86.00,WhatsApp
DP-260823-7109,2026-08-23,13,2,76.20,WhatsApp
DP-260824-8679,2026-08-24,3,3,80.80,WhatsApp
DP-260824-8679,2026-08-24,7,2,70.70,WhatsApp
DP-260824-8679,2026-08-24,6,3,86.00,WhatsApp
DP-260824-6393,2026-08-24,4,1,80.80,WhatsApp
DP-260824-6393,2026-08-24,6,3,86.00,WhatsApp
DP-260824-6393,2026-08-24,10,2,76.20,WhatsApp
DP-260824-6393,2026-08-24,5,2,72.30,WhatsApp
DP-260824-4975,2026-08-24,3,1,80.80,WhatsApp
DP-260824-4975,2026-08-24,4,3,80.80,WhatsApp
DP-260824-4962,2026-08-24,8,2,70.70,Tienda
DP-260824-4962,2026-08-24,1,1,86.00,Tienda
DP-260824-4965,2026-08-24,5,1,72.30,WhatsApp
DP-260824-1558,2026-08-24,2,1,86.00,WhatsApp
DP-260824-1558,2026-08-24,4,2,80.80,WhatsApp
DP-260824-7504,2026-08-24,12,3,76.20,WhatsApp
DP-260824-7504,2026-08-24,4,2,80.80,WhatsApp
DP-260824-7504,2026-08-24,2,3,86.00,WhatsApp
DP-260825-7381,2026-08-25,7,2,70.70,WhatsApp
DP-260825-7381,2026-08-25,11,3,76.20,WhatsApp
DP-260825-7381,2026-08-25,10,1,76.20,WhatsApp
DP-260825-7381,2026-08-25,13,2,76.20,WhatsApp
DP-260825-3013,2026-08-25,6,1,86.00,Tienda
DP-260825-3013,2026-08-25,9,2,80.80,Tienda
DP-260825-3013,2026-08-25,10,1,76.20,Tienda
DP-260825-9619,2026-08-25,4,1,80.80,WhatsApp
DP-260825-9619,2026-08-25,2,3,86.00,WhatsApp
DP-260825-9619,2026-08-25,5,1,72.30,WhatsApp
DP-260825-8248,2026-08-25,3,1,80.80,WhatsApp
DP-260826-7751,2026-08-26,1,2,86.00,WhatsApp
DP-260826-1592,2026-08-26,6,1,86.00,Tienda
DP-260826-1754,2026-08-26,1,1,86.00,WhatsApp
DP-260826-8853,2026-08-26,2,3,86.00,WhatsApp
DP-260826-3228,2026-08-26,2,2,86.00,Tienda
DP-260826-1659,2026-08-26,1,2,86.00,WhatsApp
DP-260826-1659,2026-08-26,2,2,86.00,WhatsApp
DP-260826-8085,2026-08-26,3,3,80.80,WhatsApp
DP-260826-8085,2026-08-26,13,3,76.20,WhatsApp
DP-260826-8085,2026-08-26,10,2,76.20,WhatsApp
DP-260826-3641,2026-08-26,4,3,80.80,WhatsApp
DP-260827-5300,2026-08-27,7,1,70.70,WhatsApp
DP-260827-5300,2026-08-27,10,1,76.20,WhatsApp
DP-260827-5300,2026-08-27,13,1,76.20,WhatsApp
DP-260827-9810,2026-08-27,7,3,70.70,Tienda
DP-260827-9810,2026-08-27,13,3,76.20,Tienda
DP-260827-5780,2026-08-27,11,3,76.20,WhatsApp
DP-260827-5780,2026-08-27,5,3,72.30,WhatsApp
DP-260827-5780,2026-08-27,2,2,86.00,WhatsApp
DP-260827-5780,2026-08-27,3,3,80.80,WhatsApp
DP-260827-4372,2026-08-27,13,3,76.20,WhatsApp
DP-260827-2780,2026-08-27,13,1,76.20,WhatsApp
DP-260827-2780,2026-08-27,8,2,70.70,WhatsApp
DP-260827-2780,2026-08-27,1,3,86.00,WhatsApp
DP-260827-1891,2026-08-27,3,1,80.80,WhatsApp
DP-260827-1891,2026-08-27,12,3,76.20,WhatsApp
DP-260827-9495,2026-08-27,12,2,76.20,Tienda
DP-260827-9495,2026-08-27,4,2,80.80,Tienda
DP-260827-9495,2026-08-27,13,3,76.20,Tienda
DP-260828-8690,2026-08-28,8,2,70.70,Tienda
DP-260828-8690,2026-08-28,3,3,80.80,Tienda
DP-260828-8690,2026-08-28,4,2,80.80,Tienda
DP-260828-1293,2026-08-28,7,2,70.70,WhatsApp
DP-260828-1293,2026-08-28,11,2,76.20,WhatsApp
DP-260828-1293,2026-08-28,13,3,76.20,WhatsApp
DP-260828-1778,2026-08-28,4,3,80.80,WhatsApp
DP-260828-1778,2026-08-28,6,3,86.00,WhatsApp
DP-260828-1778,2026-08-28,13,2,76.20,WhatsApp
DP-260828-8059,2026-08-28,2,1,86.00,WhatsApp
DP-260829-9745,2026-08-29,7,2,70.70,Tienda
DP-260829-9745,2026-08-29,5,1,72.30,Tienda
DP-260829-9745,2026-08-29,4,2,80.80,Tienda
DP-260829-2212,2026-08-29,7,3,70.70,WhatsApp
DP-260829-2212,2026-08-29,4,1,80.80,WhatsApp
DP-260829-6483,2026-08-29,13,1,76.20,WhatsApp
DP-260829-6483,2026-08-29,10,3,76.20,WhatsApp
DP-260829-3408,2026-08-29,5,1,72.30,Tienda
DP-260829-3408,2026-08-29,6,3,86.00,Tienda
DP-260829-9120,2026-08-29,10,2,76.20,WhatsApp
DP-260829-9120,2026-08-29,3,1,80.80,WhatsApp
DP-260829-1004,2026-08-29,6,1,86.00,WhatsApp
DP-260829-1004,2026-08-29,10,1,76.20,WhatsApp
DP-260829-1004,2026-08-29,3,2,80.80,WhatsApp
DP-260829-4459,2026-08-29,4,3,80.80,WhatsApp
DP-260829-7112,2026-08-29,5,1,72.30,WhatsApp
DP-260829-7112,2026-08-29,13,1,76.20,WhatsApp
DP-260829-7112,2026-08-29,9,2,80.80,WhatsApp
DP-260830-3123,2026-08-30,7,2,70.70,Tienda
DP-260830-3123,2026-08-30,8,3,70.70,Tienda
DP-260830-3123,2026-08-30,5,1,72.30,Tienda
DP-260830-3219,2026-08-30,8,2,70.70,WhatsApp
DP-260830-3219,2026-08-30,9,3,80.80,WhatsApp
DP-260830-3219,2026-08-30,5,1,72.30,WhatsApp
DP-260830-8970,2026-08-30,13,3,76.20,WhatsApp
DP-260830-8970,2026-08-30,2,3,86.00,WhatsApp
DP-260830-8970,2026-08-30,8,3,70.70,WhatsApp
DP-260830-4790,2026-08-30,5,1,72.30,WhatsApp
DP-260830-4790,2026-08-30,10,2,76.20,WhatsApp
DP-260830-4790,2026-08-30,12,2,76.20,WhatsApp
DP-260830-9502,2026-08-30,2,1,86.00,WhatsApp
DP-260830-9502,2026-08-30,7,2,70.70,WhatsApp
DP-260830-9502,2026-08-30,9,1,80.80,WhatsApp
DP-260830-7088,2026-08-30,6,1,86.00,WhatsApp
DP-260830-7088,2026-08-30,13,2,76.20,WhatsApp
DP-260830-7088,2026-08-30,1,3,86.00,WhatsApp
DP-260830-5648,2026-08-30,1,1,86.00,WhatsApp
DP-260831-5919,2026-08-31,1,2,86.00,WhatsApp
DP-260831-2335,2026-08-31,4,1,80.80,Tienda
DP-260831-9305,2026-08-31,3,3,80.80,Tienda
DP-260831-9305,2026-08-31,4,2,80.80,Tienda
DP-260831-9948,2026-08-31,13,2,76.20,WhatsApp
DP-260831-9948,2026-08-31,3,1,80.80,WhatsApp
DP-260831-9948,2026-08-31,8,3,70.70,WhatsApp
DP-260831-9948,2026-08-31,10,1,76.20,WhatsApp
DP-260901-1817,2026-09-01,10,1,76.20,WhatsApp
DP-260901-1817,2026-09-01,2,3,86.00,WhatsApp
DP-260901-1817,2026-09-01,13,1,76.20,WhatsApp
DP-260901-3614,2026-09-01,12,1,76.20,WhatsApp
DP-260901-3614,2026-09-01,1,1,86.00,WhatsApp
DP-260901-3614,2026-09-01,9,2,80.80,WhatsApp
DP-260901-2037,2026-09-01,12,2,76.20,WhatsApp
DP-260901-2037,2026-09-01,4,2,80.80,WhatsApp
DP-260901-2037,2026-09-01,7,3,70.70,WhatsApp
DP-260901-1791,2026-09-01,3,2,80.80,WhatsApp
DP-260901-1791,2026-09-01,1,1,86.00,WhatsApp
DP-260901-9329,2026-09-01,2,2,86.00,WhatsApp
DP-260901-9329,2026-09-01,6,3,86.00,WhatsApp
DP-260901-9329,2026-09-01,10,2,76.20,WhatsApp
DP-260901-9329,2026-09-01,3,1,80.80,WhatsApp
DP-260901-4483,2026-09-01,1,3,86.00,WhatsApp
DP-260901-4483,2026-09-01,3,3,80.80,WhatsApp
DP-260901-4483,2026-09-01,4,2,80.80,WhatsApp
DP-260901-4483,2026-09-01,8,1,70.70,WhatsApp
DP-260901-8948,2026-09-01,4,1,80.80,WhatsApp
DP-260902-6755,2026-09-02,3,1,80.80,WhatsApp
DP-260902-6755,2026-09-02,9,2,80.80,WhatsApp
DP-260902-7098,2026-09-02,7,2,70.70,WhatsApp
DP-260902-1034,2026-09-02,7,3,70.70,Tienda
DP-260902-1034,2026-09-02,13,1,76.20,Tienda
DP-260903-1425,2026-09-03,5,1,72.30,WhatsApp
DP-260903-1632,2026-09-03,3,3,80.80,WhatsApp
DP-260904-4773,2026-09-04,2,1,86.00,Tienda
DP-260904-4773,2026-09-04,10,2,76.20,Tienda
DP-260904-4773,2026-09-04,3,2,80.80,Tienda
DP-260904-4330,2026-09-04,13,1,76.20,Tienda
DP-260904-4702,2026-09-04,5,2,72.30,Tienda
DP-260904-4702,2026-09-04,4,1,80.80,Tienda
DP-260904-9449,2026-09-04,8,1,70.70,WhatsApp
DP-260904-4564,2026-09-04,7,3,70.70,WhatsApp
DP-260904-4564,2026-09-04,13,1,76.20,WhatsApp
DP-260904-4564,2026-09-04,4,1,80.80,WhatsApp
DP-260904-9926,2026-09-04,3,1,80.80,WhatsApp
DP-260904-9926,2026-09-04,1,1,86.00,WhatsApp
DP-260830-8970X,2026-08-30,13,3,pendiente,WhatsApp
DP-260905-8818,2026-09-05,9,1,80.80,Tienda
DP-260905-6347,2026-09-05,12,3,76.20,WhatsApp
DP-260905-6347,2026-09-05,10,1,76.20,WhatsApp
DP-260905-4300,2026-09-05,3,2,80.80,WhatsApp
DP-260905-8917,2026-09-05,1,2,86.00,WhatsApp
DP-260905-8917,2026-09-05,3,1,80.80,WhatsApp
DP-260905-9509,2026-09-05,4,3,80.80,WhatsApp
DP-260905-9509,2026-09-05,1,1,86.00,WhatsApp
DP-260905-9509,2026-09-05,11,3,76.20,WhatsApp
DP-260905-7467,2026-09-05,5,2,72.30,WhatsApp
DP-260905-7467,2026-09-05,12,2,76.20,WhatsApp
DP-260905-7467,2026-09-05,4,2,80.80,WhatsApp
DP-260905-7467,2026-09-05,6,1,86.00,WhatsApp
DP-260905-3130,2026-09-05,4,2,80.80,WhatsApp
DP-260905-3130,2026-09-05,2,1,86.00,WhatsApp
DP-260905-3130,2026-09-05,10,1,76.20,WhatsApp
DP-260905-3130,2026-09-05,9,2,80.80,WhatsApp
DP-260906-9858,2026-09-06,1,2,86.00,WhatsApp
DP-260906-6413,2026-09-06,5,3,72.30,WhatsApp
DP-260906-6413,2026-09-06,4,3,80.80,WhatsApp
DP-260906-6413,2026-09-06,3,1,80.80,WhatsApp
DP-260906-6370,2026-09-06,7,2,70.70,WhatsApp
DP-260906-6370,2026-09-06,8,3,70.70,WhatsApp
DP-260906-6370,2026-09-06,10,3,76.20,WhatsApp
DP-260906-6370,2026-09-06,12,3,76.20,WhatsApp
DP-260906-7830,2026-09-06,8,3,70.70,Tienda
DP-260906-2339,2026-09-06,8,1,70.70,Tienda
DP-260906-2339,2026-09-06,4,2,80.80,Tienda
DP-260906-3734,2026-09-06,6,1,86.00,Tienda
DP-260906-5902,2026-09-06,4,2,80.80,WhatsApp
DP-260906-5902,2026-09-06,7,3,70.70,WhatsApp
DP-260906-2836,2026-09-06,13,2,76.20,WhatsApp
DP-260906-2836,2026-09-06,1,3,86.00,WhatsApp
DP-260907-5868,2026-09-07,8,2,70.70,WhatsApp
DP-260907-5868,2026-09-07,5,1,72.30,WhatsApp
DP-260907-4490,2026-09-07,8,2,70.70,WhatsApp
DP-260907-1081,2026-09-07,4,2,80.80,WhatsApp
DP-260907-1081,2026-09-07,5,3,72.30,WhatsApp
DP-260907-8395,2026-09-07,2,2,86.00,Tienda
DP-260907-8395,2026-09-07,7,1,70.70,Tienda
DP-260907-8395,2026-09-07,10,2,76.20,Tienda
DP-260907-8395,2026-09-07,8,3,70.70,Tienda
DP-260907-2067,2026-09-07,8,3,70.70,WhatsApp
DP-260907-4059,2026-09-07,5,3,72.30,WhatsApp
DP-260907-4059,2026-09-07,8,2,70.70,WhatsApp
DP-260907-4059,2026-09-07,3,2,80.80,WhatsApp
DP-260907-4059,2026-09-07,6,3,86.00,WhatsApp
DP-260908-3132,2026-09-08,3,1,80.80,Tienda
DP-260908-3132,2026-09-08,4,2,80.80,Tienda
DP-260908-3132,2026-09-08,5,1,72.30,Tienda
DP-260908-3132,2026-09-08,1,2,86.00,Tienda
DP-260908-3388,2026-09-08,13,2,76.20,Tienda
DP-260908-5272,2026-09-08,2,2,86.00,WhatsApp
DP-260908-5272,2026-09-08,8,1,70.70,WhatsApp
DP-260908-5272,2026-09-08,4,1,80.80,WhatsApp
DP-260908-5855,2026-09-08,8,3,70.70,WhatsApp
DP-260908-8611,2026-09-08,12,1,76.20,WhatsApp
DP-260908-8354,2026-09-08,5,2,72.30,WhatsApp
DP-260908-8354,2026-09-08,12,1,76.20,WhatsApp
DP-260908-8354,2026-09-08,11,1,76.20,WhatsApp
DP-260908-8354,2026-09-08,4,1,80.80,WhatsApp
DP-260908-2722,2026-09-08,11,1,76.20,WhatsApp
DP-260908-2722,2026-09-08,3,3,80.80,WhatsApp
DP-260908-8020,2026-09-08,8,3,70.70,Tienda
DP-260908-8020,2026-09-08,4,2,80.80,Tienda
DP-260908-8020,2026-09-08,2,3,86.00,Tienda
DP-260909-3218,2026-09-09,7,2,70.70,WhatsApp
DP-260909-1345,2026-09-09,11,1,76.20,WhatsApp
DP-260909-1345,2026-09-09,10,3,76.20,WhatsApp
DP-260910-6696,2026-09-10,12,3,76.20,WhatsApp
DP-260910-6696,2026-09-10,10,2,76.20,WhatsApp
DP-260910-6696,2026-09-10,2,1,86.00,WhatsApp
DP-260910-6036,2026-09-10,10,2,76.20,WhatsApp
DP-260910-6036,2026-09-10,4,1,80.80,WhatsApp
DP-260910-6036,2026-09-10,8,1,70.70,WhatsApp
DP-260910-3499,2026-09-10,5,2,72.30,WhatsApp
DP-260910-3499,2026-09-10,4,2,80.80,WhatsApp
DP-260910-3499,2026-09-10,2,3,86.00,WhatsApp
DP-260910-3499,2026-09-10,13,3,76.20,WhatsApp
DP-260910-6275,2026-09-10,13,2,76.20,WhatsApp
DP-260910-6275,2026-09-10,4,1,80.80,WhatsApp
DP-260910-6275,2026-09-10,8,1,70.70,WhatsApp
DP-260910-7348,2026-09-10,13,1,76.20,Tienda
DP-260910-7348,2026-09-10,8,2,70.70,Tienda
DP-260910-3300,2026-09-10,8,1,70.70,WhatsApp
DP-260910-3300,2026-09-10,12,3,76.20,WhatsApp
DP-260910-3300,2026-09-10,13,1,76.20,WhatsApp
DP-260910-3300,2026-09-10,5,1,72.30,WhatsApp
DP-260910-9461,2026-09-10,6,3,86.00,Tienda
DP-260910-6771,2026-09-10,10,1,76.20,Tienda
DP-260910-6771,2026-09-10,6,3,86.00,Tienda
DP-260911-5304,2026-09-11,7,3,70.70,WhatsApp
DP-260911-5304,2026-09-11,10,1,76.20,WhatsApp
DP-260911-5239,2026-09-11,2,1,86.00,Tienda
DP-260911-9797,2026-09-11,7,2,70.70,Tienda
DP-260911-9797,2026-09-11,8,1,70.70,Tienda
DP-260911-8349,2026-09-11,7,2,70.70,Tienda
DP-260911-8349,2026-09-11,12,1,76.20,Tienda
DP-260912-7418,2026-09-12,1,3,86.00,Tienda
DP-260912-7418,2026-09-12,8,3,70.70,Tienda
DP-260912-8017,2026-09-12,6,1,86.00,Tienda
DP-260912-8017,2026-09-12,5,3,72.30,Tienda
DP-260912-7822,2026-09-12,4,3,80.80,WhatsApp
DP-260912-7822,2026-09-12,1,1,86.00,WhatsApp
DP-260912-6331,2026-09-12,13,1,76.20,WhatsApp
DP-260912-3314,2026-09-12,8,3,70.70,WhatsApp
DP-260912-3314,2026-09-12,6,3,86.00,WhatsApp
DP-260912-3314,2026-09-12,5,2,72.30,WhatsApp
DP-260912-8509,2026-09-12,2,2,86.00,WhatsApp
DP-260912-8509,2026-09-12,11,3,76.20,WhatsApp
DP-260912-8509,2026-09-12,13,3,76.20,WhatsApp
DP-260912-8509,2026-09-12,3,2,80.80,WhatsApp
DP-260912-2407,2026-09-12,3,2,80.80,WhatsApp
DP-260912-2407,2026-09-12,13,3,76.20,WhatsApp
DP-260913-5197,2026-09-13,5,1,72.30,WhatsApp
DP-260913-5197,2026-09-13,10,1,76.20,WhatsApp
DP-260913-7939,2026-09-13,7,3,70.70,Tienda
DP-260913-8235,2026-09-13,4,3,80.80,WhatsApp
DP-260913-6255,2026-09-13,3,2,80.80,WhatsApp
DP-260913-1925,2026-09-13,13,3,76.20,WhatsApp
DP-260913-1925,2026-09-13,12,3,76.20,WhatsApp
DP-260913-1925,2026-09-13,4,3,80.80,WhatsApp
